{
  "field": "hate",
  "pipeline": [
    {
      "name": "Simple Default Tokenizer"
    },
    {
      "name": "<class 'sklearn.feature_extraction.text.TfidfVectorizer'>",
      "params": {
        "ngram_range": [
          1,
          3
        ],
        "max_features": 100000
      }
    },
    {
      "name": "<class 'sklearn.linear_model._logistic.LogisticRegression'>",
      "params": {
        "max_iter": 10000,
        "C": 0.005
      }
    }
  ],
  "training": {
    "Accuracy": 0.7982515131136516,
    "Precession": 0.7982515131136516,
    "Recall": 0.7982515131136516,
    "MeanAbsoluteError": 0.2824478816408877,
    "MeanSquaredError": 0.4781439139206456,
    "PearsonCorrelation": NaN
  },
  "validation": {
    "Accuracy": 0.8073431510994553,
    "Precession": 0.8073431510994553,
    "Recall": 0.8073431510994553,
    "MeanAbsoluteError": 0.2672987694169861,
    "MeanSquaredError": 0.4549122453096631,
    "PearsonCorrelation": NaN
  }
}