{
  "field": "hate",
  "pipeline": [
    {
      "name": "Simple Default Tokenizer"
    },
    {
      "name": "<class 'sklearn.feature_extraction.text.CountVectorizer'>",
      "params": {
        "ngram_range": [
          1,
          1
        ]
      }
    },
    {
      "name": "<class 'sklearn.tree._classes.DecisionTreeRegressor'>",
      "params": {}
    }
  ],
  "training": {
    "Accuracy": 0.7357094821788837,
    "Precession": 0.7357094821788837,
    "Recall": 0.7357094821788837,
    "MeanAbsoluteError": 0.36819098856758575,
    "MeanSquaredError": 0.6748486886348353,
    "PearsonCorrelation": 0.2899030887586546
  },
  "validation": {
    "Accuracy": 0.753278192455114,
    "Precession": 0.753278192455114,
    "Recall": 0.753278192455114,
    "MeanAbsoluteError": 0.3522291708694775,
    "MeanSquaredError": 0.6782328020980432,
    "PearsonCorrelation": 0.27274445361859306
  }
}