{
  "field": "hate",
  "pipeline": [
    {
      "name": "Simple Default Tokenizer"
    },
    {
      "name": "<class 'sklearn.feature_extraction.text.CountVectorizer'>",
      "params": {
        "ngram_range": [
          1,
          1
        ]
      }
    },
    {
      "name": "<class 'sklearn.ensemble._forest.RandomForestRegressor'>",
      "params": {}
    }
  ],
  "training": {
    "Accuracy": 0.7412575655682583,
    "Precession": 0.7412575655682583,
    "Recall": 0.7412575655682583,
    "MeanAbsoluteError": 0.32750504371217215,
    "MeanSquaredError": 0.4976462676529926,
    "PearsonCorrelation": 0.3227961720547735
  },
  "validation": {
    "Accuracy": 0.7659874924349405,
    "Precession": 0.7659874924349405,
    "Recall": 0.7659874924349405,
    "MeanAbsoluteError": 0.3021989106314303,
    "MeanSquaredError": 0.468025015130119,
    "PearsonCorrelation": 0.349310052887201
  }
}