{
  "field": "hate",
  "pipeline": [
    {
      "name": "Simple Default Tokenizer"
    },
    {
      "name": "<class 'sklearn.feature_extraction.text.TfidfVectorizer'>",
      "params": {
        "ngram_range": [
          1,
          3
        ],
        "max_features": 100000
      }
    },
    {
      "name": "<class 'sklearn.linear_model._logistic.LogisticRegression'>",
      "params": {
        "max_iter": 2048,
        "C": 0.5
      }
    }
  ],
  "training": {
    "Accuracy": 0.7923671822461331,
    "Precession": 0.7923671822461331,
    "Recall": 0.7923671822461331,
    "MeanAbsoluteError": 0.28177538668459984,
    "MeanSquaredError": 0.4636852723604573,
    "PearsonCorrelation": 0.21072589167846423
  },
  "validation": {
    "Accuracy": 0.8101674399838612,
    "Precession": 0.8101674399838612,
    "Recall": 0.8101674399838612,
    "MeanAbsoluteError": 0.2568085535606213,
    "MeanSquaredError": 0.42384506758119833,
    "PearsonCorrelation": 0.23086081727367477
  }
}