{
  "field": "hate",
  "pipeline": [
    {
      "name": "Simple Default Tokenizer"
    },
    {
      "name": "<class 'sklearn.feature_extraction.text.CountVectorizer'>",
      "params": {
        "ngram_range": [
          1,
          1
        ]
      }
    },
    {
      "name": "<class 'sklearn.tree._classes.DecisionTreeRegressor'>",
      "params": {}
    }
  ],
  "training": {
    "Accuracy": 0.7420981842636181,
    "Precession": 0.7420981842636181,
    "Recall": 0.7420981842636181,
    "MeanAbsoluteError": 0.3439811701412239,
    "MeanSquaredError": 0.5817081371889711,
    "PearsonCorrelation": 0.3342684315786706
  },
  "validation": {
    "Accuracy": 0.7484365543675611,
    "Precession": 0.7484365543675611,
    "Recall": 0.7484365543675611,
    "MeanAbsoluteError": 0.3641315311680452,
    "MeanSquaredError": 0.7038531369780109,
    "PearsonCorrelation": 0.28917511826059356
  }
}