{
  "field": "hate",
  "pipeline": [
    {
      "name": "Simple Default Tokenizer"
    },
    {
      "name": "<class 'sklearn.feature_extraction.text.CountVectorizer'>",
      "params": {
        "ngram_range": [
          1,
          1
        ]
      }
    },
    {
      "name": "<class 'sklearn.svm._classes.LinearSVC'>",
      "params": {
        "max_iter": 2048
      }
    }
  ],
  "training": {
    "Accuracy": 0.7742098184263618,
    "Precession": 0.7742098184263618,
    "Recall": 0.7742098184263618,
    "MeanAbsoluteError": 0.2800941492938803,
    "MeanSquaredError": 0.4014794889038332,
    "PearsonCorrelation": 0.39334927282107396
  },
  "validation": {
    "Accuracy": 0.7813193463788581,
    "Precession": 0.7813193463788581,
    "Recall": 0.7813193463788581,
    "MeanAbsoluteError": 0.2751664313092596,
    "MeanSquaredError": 0.40952188823885416,
    "PearsonCorrelation": 0.36472055446655965
  }
}