{
  "field": "hate",
  "pipeline": [
    {
      "name": "Simple Default Tokenizer"
    },
    {
      "name": "<class 'sklearn.feature_extraction.text.TfidfVectorizer'>",
      "params": {
        "ngram_range": [
          1,
          3
        ],
        "max_features": 100000
      }
    },
    {
      "name": "<class 'sklearn.svm._classes.LinearSVC'>",
      "params": {
        "max_iter": 100000.0
      }
    }
  ],
  "training": {
    "Accuracy": 0.796906523201076,
    "Precession": 0.796906523201076,
    "Recall": 0.796906523201076,
    "MeanAbsoluteError": 0.25840618695359785,
    "MeanSquaredError": 0.3855077336919973,
    "PearsonCorrelation": 0.33318167426449036
  },
  "validation": {
    "Accuracy": 0.80411539237442,
    "Precession": 0.80411539237442,
    "Recall": 0.80411539237442,
    "MeanAbsoluteError": 0.2489408916683478,
    "MeanSquaredError": 0.3808755295541658,
    "PearsonCorrelation": 0.36752609134683
  }
}