{
  "field": "hate",
  "pipeline": [
    {
      "name": "Simple Default Tokenizer"
    },
    {
      "name": "<class 'sklearn.feature_extraction.text.CountVectorizer'>",
      "params": {
        "ngram_range": [
          1,
          1
        ]
      }
    },
    {
      "name": "<class 'sklearn.linear_model._logistic.LogisticRegression'>",
      "params": {
        "max_iter": 2048
      }
    }
  ],
  "training": {
    "Accuracy": 0.7846334902488231,
    "Precession": 0.7846334902488231,
    "Recall": 0.7846334902488231,
    "MeanAbsoluteError": 0.2676529926025555,
    "MeanSquaredError": 0.3924008069939475,
    "PearsonCorrelation": 0.41547930709870096
  },
  "validation": {
    "Accuracy": 0.8018963082509583,
    "Precession": 0.8018963082509583,
    "Recall": 0.8018963082509583,
    "MeanAbsoluteError": 0.2487391567480331,
    "MeanSquaredError": 0.36937663909622753,
    "PearsonCorrelation": 0.3996941937008082
  }
}