{
  "field": "hate",
  "pipeline": [
    {
      "name": "Simple Default Tokenizer"
    },
    {
      "name": "<class 'sklearn.feature_extraction.text.CountVectorizer'>",
      "params": {
        "ngram_range": [
          1,
          1
        ]
      }
    },
    {
      "name": "<class 'sklearn.linear_model._logistic.LogisticRegression'>",
      "params": {}
    }
  ],
  "training": {
    "Accuracy": 0.8012777404169469,
    "Precession": 0.8012777404169469,
    "Recall": 0.8012777404169469,
    "MeanAbsoluteError": 0.24983187626092804,
    "MeanSquaredError": 0.36886348352387355,
    "PearsonCorrelation": 0.40515837005525623
  },
  "validation": {
    "Accuracy": 0.8012911034900141,
    "Precession": 0.8012911034900141,
    "Recall": 0.8012911034900141,
    "MeanAbsoluteError": 0.25055477103086543,
    "MeanSquaredError": 0.37482348194472465,
    "PearsonCorrelation": 0.39166515852660977
  }
}