{
  "field": "hate",
  "pipeline": [
    {
      "name": "Simple Default Tokenizer"
    },
    {
      "name": "<class 'sklearn.feature_extraction.text.CountVectorizer'>",
      "params": {
        "ngram_range": [
          1,
          1
        ],
        "min_df": 0.0001
      }
    },
    {
      "name": "<class 'sklearn.svm._classes.LinearSVC'>",
      "params": {
        "class_weight": "balanced",
        "dual": false,
        "tol": 0.01,
        "max_iter": 100000.0
      }
    }
  ],
  "training": {
    "Accuracy": 0.7133490248823133,
    "Precession": 0.7133490248823133,
    "Recall": 0.7133490248823133,
    "MeanAbsoluteError": 0.38786146603900473,
    "MeanSquaredError": 0.6659381304640215,
    "PearsonCorrelation": 0.34197529843625984
  },
  "validation": {
    "Accuracy": 0.732701230583014,
    "Precession": 0.732701230583014,
    "Recall": 0.732701230583014,
    "MeanAbsoluteError": 0.3611055073633246,
    "MeanSquaredError": 0.6088359895097841,
    "PearsonCorrelation": 0.33384640807894816
  }
}