{
  "field": "hate",
  "pipeline": [
    {
      "name": "Simple Default Tokenizer"
    },
    {
      "name": "<class 'sklearn.feature_extraction.text.CountVectorizer'>",
      "params": {
        "ngram_range": [
          1,
          1
        ]
      }
    },
    {
      "name": "<class 'sklearn.tree._classes.DecisionTreeClassifier'>",
      "params": {}
    }
  ],
  "training": {
    "Accuracy": 0.7652992602555481,
    "Precession": 0.7652992602555481,
    "Recall": 0.7652992602555481,
    "MeanAbsoluteError": 0.2980833893745797,
    "MeanSquaredError": 0.4544384667114997,
    "PearsonCorrelation": 0.35830390679928714
  },
  "validation": {
    "Accuracy": 0.7748638289287876,
    "Precession": 0.7748638289287876,
    "Recall": 0.7748638289287876,
    "MeanAbsoluteError": 0.2892878757312891,
    "MeanSquaredError": 0.4535001008674602,
    "PearsonCorrelation": 0.38345051779871947
  }
}