{
  "field": "offensive",
  "pipeline": [
    {
      "name": "Simple Default Tokenizer"
    },
    {
      "name": "<class 'sklearn.feature_extraction.text.CountVectorizer'>",
      "params": {
        "ngram_range": [
          1,
          1
        ]
      }
    },
    {
      "name": "<class 'sklearn.linear_model._logistic.LogisticRegression'>",
      "params": {}
    }
  ],
  "training": {
    "Accuracy": 0.632817753866846,
    "Precession": 0.632817753866846,
    "Recall": 0.632817753866846,
    "MeanAbsoluteError": 0.5869199731002017,
    "MeanSquaredError": 1.2321788836583725,
    "PearsonCorrelation": 0.6275804449340255
  },
  "validation": {
    "Accuracy": 0.6334476497881784,
    "Precession": 0.6334476497881784,
    "Recall": 0.6334476497881784,
    "MeanAbsoluteError": 0.5896711720798871,
    "MeanSquaredError": 1.2630623360903772,
    "PearsonCorrelation": 0.6375356011839458
  }
}