{
  "field": "offensive",
  "pipeline": [
    {
      "name": "Simple Default Tokenizer"
    },
    {
      "name": "<class 'sklearn.feature_extraction.text.CountVectorizer'>",
      "params": {
        "ngram_range": [
          1,
          1
        ]
      }
    },
    {
      "name": "<class 'sklearn.svm._classes.LinearSVC'>",
      "params": {
        "max_iter": 2048
      }
    }
  ],
  "training": {
    "Accuracy": 0.6000336247478144,
    "Precession": 0.6000336247478144,
    "Recall": 0.6000336247478144,
    "MeanAbsoluteError": 0.6613987895090787,
    "MeanSquaredError": 1.460322797579018,
    "PearsonCorrelation": 0.5758786189751185
  },
  "validation": {
    "Accuracy": 0.5916885212830341,
    "Precession": 0.5916885212830341,
    "Recall": 0.5916885212830341,
    "MeanAbsoluteError": 0.6915473068388138,
    "MeanSquaredError": 1.590478111761146,
    "PearsonCorrelation": 0.5525826033401438
  }
}