{
  "field": "offensive",
  "pipeline": [
    {
      "name": "Simple Default Tokenizer"
    },
    {
      "name": "<class 'sklearn.feature_extraction.text.TfidfVectorizer'>",
      "params": {
        "ngram_range": [
          1,
          3
        ],
        "max_features": 100000
      }
    },
    {
      "name": "<class 'sklearn.svm._classes.LinearSVC'>",
      "params": {
        "max_iter": 100000.0
      }
    }
  ],
  "training": {
    "Accuracy": 0.6336583725622058,
    "Precession": 0.6336583725622058,
    "Recall": 0.6336583725622058,
    "MeanAbsoluteError": 0.601546738399462,
    "MeanSquaredError": 1.3080026899798252,
    "PearsonCorrelation": 0.6058605696903314
  },
  "validation": {
    "Accuracy": 0.6171071212426871,
    "Precession": 0.6171071212426871,
    "Recall": 0.6171071212426871,
    "MeanAbsoluteError": 0.6290094815412548,
    "MeanSquaredError": 1.3762356263869275,
    "PearsonCorrelation": 0.5939116292287268
  }
}