{
  "field": "offensive",
  "pipeline": [
    {
      "name": "Simple Default Tokenizer"
    },
    {
      "name": "<class 'sklearn.feature_extraction.text.CountVectorizer'>",
      "params": {
        "ngram_range": [
          1,
          1
        ]
      }
    },
    {
      "name": "<class 'sklearn.tree._classes.DecisionTreeRegressor'>",
      "params": {}
    }
  ],
  "training": {
    "Accuracy": 0.5435440484196369,
    "Precession": 0.5435440484196369,
    "Recall": 0.5435440484196369,
    "MeanAbsoluteError": 0.7573974445191661,
    "MeanSquaredError": 1.679388029589778,
    "PearsonCorrelation": 0.5425686012821583
  },
  "validation": {
    "Accuracy": 0.5592091991123663,
    "Precession": 0.5592091991123663,
    "Recall": 0.5592091991123663,
    "MeanAbsoluteError": 0.7417793019971757,
    "MeanSquaredError": 1.6705668751260843,
    "PearsonCorrelation": 0.570258243626264
  }
}