{
  "field": "offensive",
  "pipeline": [
    {
      "name": "Simple Default Tokenizer"
    },
    {
      "name": "<class 'sklearn.feature_extraction.text.CountVectorizer'>",
      "params": {
        "ngram_range": [
          1,
          1
        ]
      }
    },
    {
      "name": "<class 'sklearn.linear_model._logistic.LogisticRegression'>",
      "params": {
        "max_iter": 2048
      }
    }
  ],
  "training": {
    "Accuracy": 0.6400470746469401,
    "Precession": 0.6400470746469401,
    "Recall": 0.6400470746469401,
    "MeanAbsoluteError": 0.5758238063214526,
    "MeanSquaredError": 1.2157027572293209,
    "PearsonCorrelation": 0.6283168769971875
  },
  "validation": {
    "Accuracy": 0.6318337704256607,
    "Precession": 0.6318337704256607,
    "Recall": 0.6318337704256607,
    "MeanAbsoluteError": 0.6023804720597136,
    "MeanSquaredError": 1.3096631026830745,
    "PearsonCorrelation": 0.6237622402796071
  }
}