{
  "field": "offensive",
  "pipeline": [
    {
      "name": "Simple Default Tokenizer"
    },
    {
      "name": "<class 'sklearn.feature_extraction.text.CountVectorizer'>",
      "params": {
        "ngram_range": [
          1,
          1
        ]
      }
    },
    {
      "name": "<class 'sklearn.tree._classes.DecisionTreeClassifier'>",
      "params": {}
    }
  ],
  "training": {
    "Accuracy": 0.5796906523201076,
    "Precession": 0.5796906523201076,
    "Recall": 0.5796906523201076,
    "MeanAbsoluteError": 0.703429724277068,
    "MeanSquaredError": 1.605581708137189,
    "PearsonCorrelation": 0.5649382200643945
  },
  "validation": {
    "Accuracy": 0.5727254387734517,
    "Precession": 0.5727254387734517,
    "Recall": 0.5727254387734517,
    "MeanAbsoluteError": 0.7220092798063344,
    "MeanSquaredError": 1.6427274561226548,
    "PearsonCorrelation": 0.5716401586619521
  }
}