{
  "field": "offensive",
  "pipeline": [
    {
      "name": "Simple Default Tokenizer"
    },
    {
      "name": "<class 'sklearn.feature_extraction.text.TfidfVectorizer'>",
      "params": {
        "ngram_range": [
          1,
          3
        ],
        "max_features": 100000
      }
    },
    {
      "name": "<class 'sklearn.linear_model._logistic.LogisticRegression'>",
      "params": {
        "max_iter": 2048,
        "C": 0.5
      }
    }
  ],
  "training": {
    "Accuracy": 0.6294552790854069,
    "Precession": 0.6294552790854069,
    "Recall": 0.6294552790854069,
    "MeanAbsoluteError": 0.6615669132481506,
    "MeanSquaredError": 1.5243779421654338,
    "PearsonCorrelation": 0.5232465881557273
  },
  "validation": {
    "Accuracy": 0.6163001815614283,
    "Precession": 0.6163001815614283,
    "Recall": 0.6163001815614283,
    "MeanAbsoluteError": 0.6780310671777284,
    "MeanSquaredError": 1.5406495864434133,
    "PearsonCorrelation": 0.5251425386398276
  }
}