{
  "field": "offensive",
  "pipeline": [
    {
      "name": "Simple Default Tokenizer"
    },
    {
      "name": "<class 'sklearn.feature_extraction.text.CountVectorizer'>",
      "params": {
        "ngram_range": [
          1,
          1
        ]
      }
    },
    {
      "name": "<class 'sklearn.ensemble._forest.RandomForestRegressor'>",
      "params": {}
    }
  ],
  "training": {
    "Accuracy": 0.5690988567585743,
    "Precession": 0.5690988567585743,
    "Recall": 0.5690988567585743,
    "MeanAbsoluteError": 0.6476126429051782,
    "MeanSquaredError": 1.2841291190316073,
    "PearsonCorrelation": 0.6246691782234363
  },
  "validation": {
    "Accuracy": 0.5715150292515635,
    "Precession": 0.5715150292515635,
    "Recall": 0.5715150292515635,
    "MeanAbsoluteError": 0.6407101069195078,
    "MeanSquaredError": 1.2757716360702038,
    "PearsonCorrelation": 0.6459367101262128
  }
}