{
  "field": "offensive",
  "pipeline": [
    {
      "name": "Simple Default Tokenizer"
    },
    {
      "name": "<class 'sklearn.feature_extraction.text.TfidfVectorizer'>",
      "params": {
        "ngram_range": [
          1,
          3
        ],
        "max_features": 100000
      }
    },
    {
      "name": "<class 'sklearn.linear_model._logistic.LogisticRegression'>",
      "params": {
        "max_iter": 10000,
        "C": 0.005
      }
    }
  ],
  "training": {
    "Accuracy": 0.5289172831203766,
    "Precession": 0.5289172831203766,
    "Recall": 0.5289172831203766,
    "MeanAbsoluteError": 0.9561197041022192,
    "MeanSquaredError": 2.3575991930060525,
    "PearsonCorrelation": NaN
  },
  "validation": {
    "Accuracy": 0.5343958039136575,
    "Precession": 0.5343958039136575,
    "Recall": 0.5343958039136575,
    "MeanAbsoluteError": 0.9459350413556586,
    "MeanSquaredError": 2.3411337502521685,
    "PearsonCorrelation": NaN
  }
}